id,first_name,last_name,email,gender,ip_address
1,Donielle,Boscott,dboscott0@amazon.de,Female,252.131.244.209
2,Brigit,Fuzzard,bfuzzard1@ucsd.edu,Female,25.72.0.16
3,Carlie,Gomersall,cgomersall2@army.mil,Male,117.131.108.24
4,Leesa,Guichard,lguichard3@seattletimes.com,Female,108.32.242.88
5,Duffy,Eliassen,deliassen4@usgs.gov,Male,246.169.85.247
6,Wilona,Wornham,wwornham5@nationalgeographic.com,Female,115.144.52.238
7,Barnett,Horning,bhorning6@hhs.gov,Male,174.129.57.223
8,Riccardo,MacAiline,rmacailine7@cnn.com,Male,252.124.227.91
9,Wally,Jagels,wjagels8@pbs.org,Male,124.25.252.207
10,Blondie,Pickthorn,bpickthorn9@harvard.edu,Female,74.222.94.81
11,Andrea,Minihan,aminihana@europa.eu,Male,74.191.16.171
12,Julissa,Tomblin,jtomblinb@shinystat.com,Female,3.252.90.16
13,Frank,Disbrey,fdisbreyc@cnbc.com,Female,139.96.181.215
14,Muffin,Gensavage,mgensavaged@simplemachines.org,Male,112.240.243.101
15,Annabelle,Lund,alunde@51.la,Female,138.25.54.41
16,Hubert,Monni,hmonnif@mail.ru,Male,31.140.22.111
17,Clem,Furlonge,cfurlongeg@webmd.com,Male,109.48.246.48
18,Eachelle,March,emarchh@noaa.gov,Female,206.243.173.29
19,Park,Crebbin,pcrebbini@ft.com,Male,97.248.197.129
20,Stearne,Kingsnode,skingsnodej@mail.ru,Male,40.144.156.153
21,Florian,McGilvra,fmcgilvrak@seesaa.net,Male,109.5.218.99
22,Vania,Adam,vadaml@prweb.com,Female,50.178.219.252
23,Clarey,Franklyn,cfranklynm@microsoft.com,Female,248.224.105.230
24,Doralynne,Banghe,dbanghen@blogtalkradio.com,Female,18.167.159.88
25,Yolande,Fidele,yfideleo@geocities.com,Female,239.64.50.24
26,Valentine,Pepys,vpepysp@google.it,Female,87.235.218.80
27,Eli,McDool,emcdoolq@csmonitor.com,Male,40.205.201.242
28,Salomone,Mulkerrins,smulkerrinsr@booking.com,Male,2.139.176.167
29,Brendis,Ailmer,bailmers@gizmodo.com,Male,241.74.221.192
30,Barbabra,Trethowan,btrethowant@bloglovin.com,Female,42.135.122.138
31,Tye,Corgenvin,tcorgenvinu@ted.com,Male,33.66.91.196
32,Holt,Binley,hbinleyv@tripod.com,Male,112.196.17.230
33,Susann,de Najera,sdenajeraw@dagondesign.com,Female,40.79.174.63
34,Alena,Kirkness,akirknessx@senate.gov,Female,152.159.166.82
35,Christiane,Tootell,ctootelly@twitter.com,Female,95.255.163.186
36,Standford,Mapp,smappz@pinterest.com,Male,7.242.163.202
37,Giacobo,Lyard,glyard10@marketwatch.com,Male,173.30.66.34
38,King,Selman,kselman11@hatena.ne.jp,Male,19.62.57.44
39,Jacenta,Asquith,jasquith12@redcross.org,Female,160.15.174.62
40,Xylina,Brumham,xbrumham13@privacy.gov.au,Female,199.128.80.123
41,Vale,Drinkhall,vdrinkhall14@nymag.com,Male,234.40.26.21
42,Nahum,Castana,ncastana15@t-online.de,Male,77.156.166.193
43,Boone,de Copeman,bdecopeman16@wikipedia.org,Male,162.103.134.211
44,Jamal,Nodes,jnodes17@washington.edu,Male,18.175.206.180
45,Nat,Hinkensen,nhinkensen18@mapy.cz,Male,64.94.189.217
46,Cordy,Oldershaw,coldershaw19@va.gov,Male,117.207.249.75
47,Darrell,Swanston,dswanston1a@bandcamp.com,Male,80.41.10.186
48,Eydie,Bricket,ebricket1b@shop-pro.jp,Female,99.102.20.87
49,Luciano,Tedridge,ltedridge1c@123-reg.co.uk,Male,253.129.60.167
50,Austen,MacGillacolm,amacgillacolm1d@devhub.com,Male,241.4.153.138
51,Clo,Moffat,cmoffat1e@timesonline.co.uk,Female,209.39.209.3
52,Panchito,Luby,pluby1f@zdnet.com,Male,253.184.150.3
53,Richie,Meanwell,rmeanwell1g@redcross.org,Male,43.178.73.215
54,Lynnett,Savory,lsavory1h@w3.org,Female,248.55.106.16
55,Bengt,Clink,bclink1i@scientificamerican.com,Male,55.64.185.209
56,Zebulon,Dowman,zdowman1j@g.co,Male,116.87.19.221
57,Terrence,Purrier,tpurrier1k@studiopress.com,Male,207.16.175.218
58,Jareb,Coveney,jcoveney1l@intel.com,Male,158.155.192.72
59,Dannie,Simoncini,dsimoncini1m@google.ca,Male,62.139.11.190
60,Falkner,Atley,fatley1n@umn.edu,Male,158.171.43.79
61,Laurene,Janczewski,ljanczewski1o@reference.com,Female,26.94.244.30
62,Freddy,Macourek,fmacourek1p@amazon.com,Female,80.52.72.35
63,Nerita,Amiss,namiss1q@fda.gov,Female,168.25.144.172
64,Heindrick,Mattiassi,hmattiassi1r@stumbleupon.com,Male,120.222.116.39
65,Miguelita,Dawdry,mdawdry1s@rambler.ru,Female,58.190.222.160
66,Frederico,Lesley,flesley1t@booking.com,Male,220.125.5.113
67,Moyna,Rama,mrama1u@simplemachines.org,Female,69.5.202.53
68,Hakim,O'Noland,honoland1v@odnoklassniki.ru,Male,161.217.71.129
69,Vonnie,Bearcock,vbearcock1w@shareasale.com,Female,25.128.36.66
70,Genevra,Morant,gmorant1x@ezinearticles.com,Female,207.66.118.183
71,Hakim,Southcombe,hsouthcombe1y@discuz.net,Male,145.133.72.15
72,Jonathan,Romao,jromao1z@gravatar.com,Male,93.223.29.128
73,Davine,Beernt,dbeernt20@zdnet.com,Female,4.171.99.63
74,Drew,Reddlesden,dreddlesden21@reference.com,Male,247.186.126.103
75,Kristien,Pavyer,kpavyer22@tinypic.com,Female,144.176.124.141
76,Berton,Jeggo,bjeggo23@etsy.com,Male,143.164.102.252
77,Moritz,Snowman,msnowman24@redcross.org,Male,21.220.162.196
78,Daryn,Bendix,dbendix25@addtoany.com,Female,82.147.240.116
79,Ed,Cosbey,ecosbey26@amazon.co.jp,Male,101.173.30.33
80,Marcille,Sarjent,msarjent27@blogspot.com,Female,237.110.32.47
81,Deloria,McKean,dmckean28@oracle.com,Female,51.182.213.16
82,Lonee,Dolman,ldolman29@nasa.gov,Female,166.36.46.98
83,Aubrie,Pinnegar,apinnegar2a@uol.com.br,Female,35.184.131.181
84,Cyndia,Peotz,cpeotz2b@ibm.com,Female,212.247.249.35
85,Isabeau,Davies,idavies2c@desdev.cn,Female,240.138.224.192
86,Manny,Bigland,mbigland2d@sun.com,Male,39.215.231.233
87,Lethia,Clemetts,lclemetts2e@uol.com.br,Female,239.206.200.46
88,Gwyn,Giacubbo,ggiacubbo2f@infoseek.co.jp,Female,85.98.16.184
89,Land,Windram,lwindram2g@tinypic.com,Male,75.255.198.217
90,Catlaina,Eastgate,ceastgate2h@icq.com,Female,114.244.51.195
91,Niven,Stannion,nstannion2i@mapy.cz,Male,21.188.151.226
92,Trumann,Crease,tcrease2j@hao123.com,Male,174.70.57.228
93,Melinda,Chason,mchason2k@google.nl,Female,148.26.25.108
94,Derek,Castleman,dcastleman2l@printfriendly.com,Male,188.122.101.91
95,Allx,Spaven,aspaven2m@arstechnica.com,Female,82.68.137.23
96,Donovan,Ughini,dughini2n@npr.org,Male,156.168.225.61
97,Tyrus,Pickerill,tpickerill2o@networkadvertising.org,Male,93.71.57.64
98,Hilton,Sancho,hsancho2p@washingtonpost.com,Male,145.79.59.61
99,Randy,Boothe,rboothe2q@washington.edu,Male,79.90.84.246
100,Alec,Laws,alaws2r@studiopress.com,Male,134.252.182.38
